Name,Link,Snippet,Location,Contact Details
63000+ Marketing Jobs In New York,Https://Www.Linkedin.Com/Jobs/Marketing-Jobs-New-York,N/A,N/A,N/A
"Marketing Jobs, Employment In New York, Ny","Https://Www.Indeed.Com/Q-Marketing-L-New-York,-Ny-Jobs.Html",N/A,N/A,N/A
"Best Marketing Jobs In Nyc, Ny 2024",Https://Www.Builtinnyc.Com/Jobs/Marketing,N/A,N/A,N/A
"Marketing Jobs, Employment In New York, Ny",Https://Www.Indeed.Com/M/Jobs?Q=Marketing&L=New+York%2C+Ny,N/A,N/A,N/A
Marketing Jobs | New York City,Https://Www.Businessoffashion.Com/Careers/Jobs/Marketing/New-York-City/,N/A,N/A,N/A
"4790 Marketing Jobs In New York, Ny, December 2024","Https://Www.Glassdoor.Com/Job/New-York-Marketing-Jobs-Srch_Il.0,8_Ic1132348_Ko9,18.Htm",N/A,N/A,N/A
"8000+ Digital Marketing Jobs In New York, United States ...",Https://Www.Linkedin.Com/Jobs/Digital-Marketing-Jobs-New-York,N/A,N/A,N/A
Marketing Jobs In New York At Citi,Https://Jobs.Citi.Com/Employment/New-York-New-York-United-States-Marketing-Jobs/287/19615/6252001-5128638-5128581/4,N/A,N/A,N/A
"$23-$58/Hr Marketing Jobs In New York City, Ny (Now ...","Https://Www.Ziprecruiter.Com/Jobs/Marketing/-In-New-York-City,Ny",N/A,N/A,N/A
"Marketing Jobs In New York City, Ny",Https://Www.Monster.Com/Jobs/Q-Marketing-Jobs-L-New-York-City-Ny,N/A,N/A,N/A
Entertainment Marketing Jobs In Ny,Https://Www.Entertainmentcareers.Net/Jcat.Asp?Jcat=120&State=Ny,N/A,N/A,N/A
Marketing Jobs In New York City,Https://Nbacareers.Nba.Com/Go/Marketing-Jobs-In-New-York-City/3248701/,N/A,N/A,N/A
"Marketing Jobs In New York, Ny",Https://Www.Simplyhired.Com/Search?Q=Marketing&L=New+York%2C+Ny,N/A,N/A,N/A
"Marketing Jobs In New York, Ny",Https://Www.Welcometothejungle.Com/En/Pages/Jobs-Marketing-New-York-Us,N/A,N/A,N/A
"Advertising And Marketing Jobs In New York, Ny",Https://Www.Themuse.Com/Hiring/Location/New-York-Ny/Category/Advertising_Marketing/,N/A,N/A,N/A
$74K-$133K Digital Marketing Jobs In New York (Now ...,Https://Www.Ziprecruiter.Com/Jobs/Digital-Marketing/--In-New-York,N/A,N/A,N/A
"4632 Entry Level Marketing Jobs In New York, Ny","Https://Www.Glassdoor.Com/Job/New-York-Entry-Level-Marketing-Jobs-Srch_Il.0,8_Ic1132348_Ko9,30.Htm",N/A,N/A,N/A
Marketing Jobs In New York,Https://Www.Michaelpage.Com/Jobs/Marketing/New-York,N/A,N/A,N/A
"100+ Best Marketing Jobs In New York, Ny",Https://Www.Digitalmarketing.Jobs/In/New-York,N/A,N/A,N/A
Marketing Jobs In New York City,Https://Atlanticrecruiters.Com/Nyc-Marketing-Jobs/,N/A,N/A,N/A
Search Marketing Jobs At Newyork-Presbyterian,Https://Careers.Nyp.Org/Category/Marketing-Jobs/19715/79571/1,N/A,N/A,N/A
"2024 Marketing Entry-Level Jobs In New York, Ny",Https://Www.Wayup.Com/S/Entry-Level-Jobs/Marketing/New-York-Ny/,N/A,N/A,N/A
"Marketing Jobs In New York, Ny - Apply Now","Https://Www.Careerbuilder.Com/Jobs-Marketing-In-New-York,Ny",N/A,N/A,N/A
Marketing Jobs - New York Life Careers,Https://Jobs.Newyorklife.Com/Go/Marketing-Jobs/748600/,N/A,N/A,N/A
"New York City, New York Marketing Jobs",Https://Www.Marketingjobs.Com/Marketing-New-York-Ny-Jobs.Html,N/A,N/A,N/A
Brand/Marketing Jobs In New York At Capital One,Https://Www.Capitalonecareers.Com/Employment/New-York-Brand-Marketing-Jobs/1732/29008/6252001-5128638/3,N/A,N/A,N/A
Marketing Jobs In Manhattan,Https://Jobs.Sap.Com/Go/Marketing-Jobs-In-Manhattan/874601/,N/A,N/A,N/A
How To Get A Digital Marketing Job In New York | Woods & Co,Https://Www.Woodsco.Global/News/How-To-Get-A-Digital-Marketing-Job-In-New-York/,N/A,N/A,N/A
"Jobs In New York, Ny",Https://Www.Metacareers.Com/Locations/Newyork/,N/A,N/A,N/A
"Entry Level Marketing Jobs In New York, Ny",Https://Jobtoday.Com/Us/Jobs-Entry-Level-Marketing/Ny_New-York,N/A,N/A,N/A
Marketing & Communications Jobs & Positions In ...,Https://Careers.Bankofamerica.Com/En-Us/Job-Search/United-States/A-Marketing-Communications-C-Manhattan-S-New-York,N/A,N/A,N/A
"Senior Associate, Marketing Business Planning Job Details",Https://Jobs.Newyorklife.Com/Job/New-York-Senior-Associate%2C-Marketing-Business-Planning-Ny-10001/1222672100/,N/A,N/A,N/A
"In-Market Marketing Manager, Harmony, Rodale, And ...",Https://Jobsearch.Createyourowncareer.Com/Prh_Us/Job/New-York-In-Market-Marketing-Manager%2C-Harmony%2C-Rodale%2C-And-Convergent-Books-%28Hybrid%29-Ny-10019/1141597201/,N/A,N/A,N/A
Marketing,Https://Www.Amazon.Jobs/En/Job_Categories/Marketing-Pr,N/A,N/A,N/A
New York Digital Marketing Jobs & Growth ...,Https://Methodrecruiting.Com/Location/New-York/,N/A,N/A,N/A
Nyc Marketing Recruiters,Https://Www.Kasplacement.Com/Recruiting-Locations/Nyc-Marketing-Recruiters/,N/A,N/A,N/A
"Sr Manager, Product Marketing Job - Disney",Https://Www.Showbizjobs.Com/Jobs/Disney-Sr-Manager-Product-Marketing-In-New-York/Jid-G37Z99,N/A,N/A,N/A
Top 6 Entry-Level Digital Marketing Jobs [Highest Paying ...,Https://Bootcamp.Cvn.Columbia.Edu/Blog/Entry-Level-Digital-Marketing-Jobs-Highest-Paying-Nyc/,N/A,N/A,N/A
Digital Marketing Intern- New York City (Summer 2025),Https://Vacancies.Burohappold.Com/Jobs/Job/Digital-Marketing-Intern-New-York-City-Summer-2025/492,N/A,N/A,N/A
Marketing Jobs & Positions In New York,Https://Careers.Bankofamerica.Com/En-Us/Job-Search/United-States/Q-Marketing-S-New-York,N/A,N/A,N/A
American Marketing Association Job Board: Marketing Jobs ...,Https://Jobs.Ama.Org/,N/A,N/A,N/A
Marketing And Communications - Careers,Https://Www.Google.Com/About/Careers/Applications/Teams/Marketing-Communications/,N/A,N/A,N/A
Marketing Jobs,Https://Www.Idealist.Org/En/Marketing-Jobs,N/A,N/A,N/A
"Manager, Performance Marketing Jobs In New York City ...",Https://Jobs.Emergingblue.Com/Jb/Manager-Performance-Marketing-Jobs-In-New-York-City-Ny/10858824,N/A,N/A,N/A
Marketing - Careers At Apple,Https://Www.Apple.Com/Careers/Us/Marketing.Html,N/A,N/A,N/A
Marketing Jobs | Advertising & Pr Jobs | Marketinghire Job ...,Https://Marketinghire.Com/,N/A,N/A,N/A
"Director, Product Marketing - Metlife",Https://Www.Builtinnyc.Com/Job/Director-Product-Marketing/272844,N/A,N/A,N/A
Find A Job,Https://Www.Nbcunicareers.Com/Find-A-Job,N/A,N/A,N/A
Marketing Careers At American Express,Https://Www.Americanexpress.Com/En-Us/Careers/Career-Areas/Marketing/,N/A,N/A,N/A
Marketing Jobs,Https://Www.Careersatsaks.Com/Us/En/C/Marketing-Jobs,N/A,N/A,N/A
Marketing Job Openings In Nyc And La Areas,Https://Www.Directagents.Com/Careers/,N/A,N/A,N/A
Coordinator Marketing At Msg Entertainment In New York,Https://Www.Entertainmentcareers.Net/Msg-Entertainment/Coordinator-Marketing/Job/471817/,N/A,N/A,N/A
Marketing Jobs | Careers In Marketing,Https://Www.Diageo.Com/En/Careers/Business-Areas/Marketing,N/A,N/A,N/A
Public Relations Manager Jobs In New York ...,Https://Careers.Planetinteractive.Com/Jb/Public-Relations-Manager-Jobs-In-New-York-Ny/11977668,N/A,N/A,N/A
Marketing Jobs And Career Opportunities,Https://Mycareer.Verizon.Com/Career-Paths/Marketing/,N/A,N/A,N/A
"Top 10 Best Marketing Recruiters In New York, Ny",Https://Www.Yelp.Com/Search?Find_Desc=Marketing+Recruiters&Find_Loc=New+York%2C+Ny,N/A,N/A,N/A
What Are Ways To Find A Marketing Job In Nyc As A (Going ...,Https://Www.Quora.Com/What-Are-Ways-To-Find-A-Marketing-Job-In-Nyc-As-A-Going-To-Be-College-Graduate,N/A,N/A,N/A
Marketing & Communications Jobs At Warner Bros. Discovery,Https://Careers.Wbd.Com/Global/En/C/Marketing-Communications-Jobs,N/A,N/A,N/A
Digital Marketing Jobs,Https://Wellfound.Com/Role/Digital-Marketing,N/A,N/A,N/A
Job Search,Https://Www.Sonymusic.Com/Job-Search/,N/A,N/A,N/A
Marketing & Advertising Jobs,Https://Www.Showbizjobs.Com/Jobs/Category/Marketing-Advertising,N/A,N/A,N/A
Search For Sales And Marketing Jobs And Careers,Https://Jobs.Colgate.Com/Go/Sales-&-Marketing/8517100/,N/A,N/A,N/A
Community Marketing Manager – Nyc - Arc'Teryx,Https://Www.Salary.Com/Job/Arc-Teryx/Community-Marketing-Manager-Nyc/J202401120814454044766,N/A,N/A,N/A
Marketing,Https://Jobs.Nike.Com/Blog/Win-Marketing,N/A,N/A,N/A
Explore Job Opportunities & Work With Us | About Instagram,Https://About.Instagram.Com/About-Us/Careers,N/A,N/A,N/A
"Marketing Assistant - 24-02568 Job In New York, Ny?",Https://Jobs.Akraya.Com/Marketing-Assistant-24-02568-Jobs-In-New-York-Ny/11885316,N/A,N/A,N/A
Marketing And Strategy Jobs,Https://Careers.Adobe.Com/Us/En/C/Marketing-And-Strategy-Jobs,N/A,N/A,N/A
Marketing & Communications | Jobs & Internships,Https://Careers.Jpmorgan.Com/Jp/Ja/Our-Businesses/Marketing,N/A,N/A,N/A
Social Media Coordinator,Https://Mjhs.Jobs/Job/5035/Social-Media-Coordinator-Public-Relations-Marketing-New-York-Ny-13918/,N/A,N/A,N/A
Careers At Obe | Experiential Marketing Jobs,Https://Www.Obexp.Com/Careers,N/A,N/A,N/A
Marketing Manager | City Of New York Jobs,Https://Cityjobs.Nyc.Gov/Job/Marketing-Manager-In-Manhattan-Jid-15062,N/A,N/A,N/A
"300 Media, Pr, And Communications Jobs In New York, Ny",Https://Www.Themuse.Com/Hiring/Location/New-York-Ny/Category/Media_Pr_Communications/,N/A,N/A,N/A
Careers,Https://Www.Msgentertainment.Com/Careers/,N/A,N/A,N/A
Customer Marketing Manager @ Datadog,Https://Jobs.Technyc.Org/Companies/Datadog/Jobs/37076554-Customer-Marketing-Manager,N/A,N/A,N/A
Jobs In New York City - Careers At Mastercard,Https://Careers.Mastercard.Com/Us/En/New-York-City,N/A,N/A,N/A
Sales & Marketing Jobs | The Cigna Group Careers,Https://Jobs.Thecignagroup.Com/Us/En/C/Sales-Marketing-Jobs,N/A,N/A,N/A
Sales & Marketing Jobs,Https://Www.Metacareers.Com/Areas-Of-Work/Marketing/,N/A,N/A,N/A
Find The Role That Accelerates And Redefines Your Career,Https://Corporate.Visa.Com/En/Jobs/,N/A,N/A,N/A
"Associate Director - Design Management, Communications ...",Https://Jobs.Nyulangone.Org/Job/20774965/Associate-Director-Design-Management-Communications-Marketing-New-York-Ny/,N/A,N/A,N/A
Marketing Jobs,Https://Www.Bain.Com/Careers/Work-With-Us/Our-Work-Areas/Marketing/,N/A,N/A,N/A
"New York Area, Ny",Https://Www.Amazon.Jobs/En/Locations/Newyork,N/A,N/A,N/A
Digital Marketing Manager | Singapore Career,Https://Www.Standardhotels.Com/Careers/Stsg_Dmm,N/A,N/A,N/A
Find Jobs - External Careers - Corporate,Https://Careers.Ralphlauren.Com/Careerscorporate/Searchjobscorporate,N/A,N/A,N/A
Openings | Grammarly Careers,Https://Www.Grammarly.Com/Jobs/Openings,N/A,N/A,N/A
Director Of Sales & Marketing Job | The Wall Street Hotel ...,Https://Www.Hospitalityonline.Com/Jobs/4195079-Director-Of-Sales-Marketing,N/A,N/A,N/A
Marketing & Sales – Join Our Team At Pepsico,Https://Www.Pepsicojobs.Com/Main/Careerareas/Marketingsales,N/A,N/A,N/A
Job Board,Https://Www.Publishersmarketplace.Com/Jobs/,N/A,N/A,N/A
Marketing & Communications Senior Specialist Jobs In New ...,Https://Jobs.Tpgnyc.Com/Marketing-Communications-Senior-Specialist-Jobs-In-New-York-Ny/11727933,N/A,N/A,N/A
Nbcunicareers,Https://Www.Nbcunicareers.Com/Careers,N/A,N/A,N/A
Open Roles,Https://Www.Rippling.Com/Careers/Open-Roles,N/A,N/A,N/A
Marketing | Uber Careers,Https://Www.Uber.Com/In/En/Careers/Teams/Marketing/,N/A,N/A,N/A
Search Our Job Opportunities At Disney - Disney Careers,Https://Www.Disneycareers.Com/En/Marketing-And-Communications-Jobs,N/A,N/A,N/A
Radiance Marketing Job Nyc,Https://Www.Tiktok.Com/Discover/Radiance-Marketing-Job-Nyc,N/A,N/A,N/A
"New York City, New York, United States - Jobs",Https://Jobs.Apple.Com/En-Us/Search?Location=New-York-City-Nyc,N/A,N/A,N/A
Careers,Https://Www.Pfizer.Com/About/Careers,N/A,N/A,N/A
Careers | Shadow | Creative Marketing & Communications,Https://Www.Weareshadow.Com/Careers,N/A,N/A,N/A
Jobs - Expedia Group | Careers,Https://Careers.Expediagroup.Com/Jobs/,N/A,N/A,N/A
Marriott International Careers | Find Job & Career Opportunities,Https://Careers.Marriott.Com/,N/A,N/A,N/A
